-- ============================================
-- 围棋训练营管理系统 - 测试数据
-- 数据库: go_camp | 字符集: utf8mb4
-- ============================================
USE `go_camp`;

-- ============================================
-- 1. 营期每日规则 - 营期1(7月15日-24日)
-- ============================================
INSERT IGNORE INTO `camp_daily_rule` (`session_id`, `rule_date`, `has_class`, `breakfast_available`, `lunch_available`, `dinner_available`, `accommodation_available`, `is_check_in_day`, `is_check_out_day`) VALUES
(1, '2026-07-15', 1, 1, 1, 1, 1, 1, 0),
(1, '2026-07-16', 1, 1, 1, 1, 1, 0, 0),
(1, '2026-07-17', 1, 1, 1, 1, 1, 0, 0),
(1, '2026-07-18', 1, 1, 1, 1, 1, 0, 0),
(1, '2026-07-19', 1, 1, 1, 1, 1, 0, 0),
(1, '2026-07-20', 0, 1, 1, 1, 1, 0, 0),
(1, '2026-07-21', 1, 1, 1, 1, 1, 0, 0),
(1, '2026-07-22', 1, 1, 1, 1, 1, 0, 0),
(1, '2026-07-23', 1, 1, 1, 1, 1, 0, 0),
(1, '2026-07-24', 0, 1, 1, 0, 1, 0, 1);

-- ============================================
-- 2. 更多测试用户
-- ============================================
INSERT IGNORE INTO `sys_user` (`id`, `username`, `password`, `real_name`, `phone`, `dept_id`, `status`) VALUES
(5, 'parent2', '$2a$10$Zk0NAO5weAZfFTd2aRehCOBrFrGRzO40unq/P9DyrYBswyTmk/R.W', '刘家长', '13800000004', 1, 1),
(6, 'parent3', '$2a$10$Zk0NAO5weAZfFTd2aRehCOBrFrGRzO40unq/P9DyrYBswyTmk/R.W', '陈家长', '13800000005', 1, 1),
(7, 'coach2', '$2a$10$Zk0NAO5weAZfFTd2aRehCOBrFrGRzO40unq/P9DyrYBswyTmk/R.W', '赵教练', '13800000006', 2, 1),
(8, 'coach3', '$2a$10$Zk0NAO5weAZfFTd2aRehCOBrFrGRzO40unq/P9DyrYBswyTmk/R.W', '孙教练', '13800000007', 2, 1),
(9, 'dean2', '$2a$10$Zk0NAO5weAZfFTd2aRehCOBrFrGRzO40unq/P9DyrYBswyTmk/R.W', '周教务', '13800000008', 1, 1);

INSERT IGNORE INTO `sys_user_role` (`user_id`, `role_id`) VALUES
(5, 5), (6, 5), (7, 4), (8, 4), (9, 2);

-- ============================================
-- 3. 更多学员数据
-- ============================================
INSERT IGNORE INTO `student` (`id`, `student_no`, `name`, `gender`, `age`, `rank_code`, `city`, `parent_user_id`, `camp_status`) VALUES
(3, 'STU003', '王五', 1, 11, 'DAN_1', '广州', 5, 'in_camp'),
(4, 'STU004', '赵六', 2, 9, 'LEVEL_18_10', '深圳', 5, 'in_camp'),
(5, 'STU005', '钱七', 1, 13, 'DAN_2', '杭州', 6, 'in_camp'),
(6, 'STU006', '孙八', 2, 8, 'NO_BASIC', '南京', 6, 'in_camp');

-- ============================================
-- 4. 报名订单数据
-- ============================================
INSERT IGNORE INTO `registration_order` (`id`, `order_no`, `payment_no`, `student_id`, `session_id`, `is_continuous`, `rank_category`, `accommodation_type`, `total_amount`, `payment_status`, `order_status`, `room_match_status`) VALUES
(1, 'ORD202607001', 'PAY202607001', 1, 1, 0, '段位组', 'full_board', 2000.00, 'paid', 'confirmed', 'matched'),
(2, 'ORD202607002', 'PAY202607001', 2, 1, 0, '级位进阶组', 'full_board', 2000.00, 'paid', 'confirmed', 'matched'),
(3, 'ORD202607003', 'PAY202607002', 3, 1, 0, '段位组', 'full_board', 2000.00, 'paid', 'confirmed', 'matched'),
(4, 'ORD202607004', 'PAY202607002', 4, 1, 0, '级位初级组', 'full_board', 2000.00, 'paid', 'confirmed', 'pending'),
(5, 'ORD202607005', 'PAY202607003', 5, 1, 0, '段位组', 'accompany_standard', 5000.00, 'paid', 'confirmed', 'matched'),
(6, 'ORD202607006', 'PAY202607003', 6, 1, 0, '无基础组', 'no_stay', 500.00, 'paid', 'confirmed', 'pending');

-- ============================================
-- 5. 支付记录
-- ============================================
INSERT IGNORE INTO `payment_record` (`id`, `payment_no`, `parent_user_id`, `total_amount`, `paid_amount`, `payment_status`, `pay_time`) VALUES
(1, 'PAY202607001', 2, 4000.00, 0, 'success', '2026-07-01 10:00:00'),
(2, 'PAY202607002', 5, 4000.00, 0, 'success', '2026-07-02 14:30:00'),
(3, 'PAY202607003', 6, 5500.00, 0, 'success', '2026-07-03 09:15:00');

-- ============================================
-- 6. 班级配置
-- ============================================
INSERT IGNORE INTO `camp_class` (`id`, `class_name`, `session_id`, `rank_description`, `max_students`, `head_teacher_id`, `coach_id`, `student_count`, `status`) VALUES
(1, '段位一班', 1, '段位组（3段及以上）', 10, 4, 3, 2, 1),
(2, '段位二班', 1, '段位组（1-2段）', 10, 9, 7, 1, 1),
(3, '级位进阶班', 1, '级位进阶组（9级-1级）', 10, 4, 8, 1, 1),
(4, '级位初级班', 1, '级位初级组（18级-10级）/无基础', 10, 9, 8, 2, 1);

-- ============================================
-- 7. 班级学员关联
-- ============================================
INSERT IGNORE INTO `class_student` (`class_id`, `student_id`, `session_id`) VALUES
(1, 1, 1),
(1, 3, 1),
(2, 5, 1),
(3, 2, 1),
(4, 4, 1),
(4, 6, 1);

-- ============================================
-- 8. 房间配置
-- ============================================
INSERT IGNORE INTO `room` (`id`, `room_no`, `room_name`, `room_type`, `building`, `floor`, `total_beds`, `occupied_beds`, `session_id`, `gender_limit`, `status`) VALUES
(1, '101', '101标间', 'standard', '1号楼', 1, 2, 2, 1, 1, 'occupied'),
(2, '102', '102标间', 'standard', '1号楼', 1, 2, 1, 1, 1, 'partial'),
(3, '103', '103大床房', 'king', '1号楼', 1, 1, 1, 1, 2, 'occupied'),
(4, '201', '201标间', 'standard', '1号楼', 2, 2, 0, 1, 0, 'available');

-- ============================================
-- 9. 房间入住记录
-- ============================================
INSERT IGNORE INTO `room_occupancy` (`room_id`, `order_id`, `student_id`, `session_id`, `bed_no`, `check_in_date`, `check_out_date`, `occupancy_source`, `match_basis`, `status`) VALUES
(1, 1, 1, 1, 'A', '2026-07-15', '2026-07-24', 'system', '同段位匹配', 'occupied'),
(1, 3, 3, 1, 'B', '2026-07-15', '2026-07-24', 'system', '同段位匹配', 'occupied'),
(2, 2, 2, 1, 'A', '2026-07-15', '2026-07-24', 'system', '同城市匹配', 'occupied'),
(3, 5, 5, 1, 'A', '2026-07-15', '2026-07-24', 'system', '家长陪同', 'occupied');

-- ============================================
-- 10. 每日排期数据 - 张三 (STU001)
-- ============================================
INSERT IGNORE INTO `daily_schedule` (`order_id`, `student_id`, `session_id`, `schedule_date`, `has_class`, `has_breakfast`, `breakfast_amount`, `has_lunch`, `lunch_amount`, `has_dinner`, `dinner_amount`, `accommodation_type`, `accommodation_amount`) VALUES
(1, 1, 1, '2026-07-15', 1, 1, 15.00, 1, 30.00, 1, 30.00, 'full_board', 200.00),
(1, 1, 1, '2026-07-16', 1, 1, 15.00, 1, 30.00, 1, 30.00, 'full_board', 200.00),
(1, 1, 1, '2026-07-17', 1, 1, 15.00, 1, 30.00, 1, 30.00, 'full_board', 200.00),
(1, 1, 1, '2026-07-18', 1, 1, 15.00, 1, 30.00, 1, 30.00, 'full_board', 200.00),
(1, 1, 1, '2026-07-19', 1, 1, 15.00, 1, 30.00, 1, 30.00, 'full_board', 200.00),
(1, 1, 1, '2026-07-20', 0, 1, 15.00, 1, 30.00, 1, 30.00, 'full_board', 200.00),
(1, 1, 1, '2026-07-21', 1, 1, 15.00, 1, 30.00, 1, 30.00, 'full_board', 200.00),
(1, 1, 1, '2026-07-22', 1, 1, 15.00, 1, 30.00, 1, 30.00, 'full_board', 200.00),
(1, 1, 1, '2026-07-23', 1, 1, 15.00, 1, 30.00, 1, 30.00, 'full_board', 200.00),
(1, 1, 1, '2026-07-24', 0, 1, 15.00, 1, 30.00, 0, 0.00, 'full_board', 0.00),
-- 李四 (STU002)
(2, 2, 1, '2026-07-15', 1, 1, 15.00, 1, 30.00, 1, 30.00, 'full_board', 200.00),
(2, 2, 1, '2026-07-16', 1, 1, 15.00, 1, 30.00, 1, 30.00, 'full_board', 200.00),
(2, 2, 1, '2026-07-17', 1, 1, 15.00, 1, 30.00, 1, 30.00, 'full_board', 200.00),
(2, 2, 1, '2026-07-18', 1, 1, 15.00, 1, 30.00, 1, 30.00, 'full_board', 200.00),
(2, 2, 1, '2026-07-19', 1, 1, 15.00, 1, 30.00, 1, 30.00, 'full_board', 200.00),
(2, 2, 1, '2026-07-20', 0, 1, 15.00, 1, 30.00, 1, 30.00, 'full_board', 200.00),
(2, 2, 1, '2026-07-21', 1, 1, 15.00, 1, 30.00, 1, 30.00, 'full_board', 200.00),
(2, 2, 1, '2026-07-22', 1, 1, 15.00, 1, 30.00, 1, 30.00, 'full_board', 200.00),
(2, 2, 1, '2026-07-23', 1, 1, 15.00, 1, 30.00, 1, 30.00, 'full_board', 200.00),
(2, 2, 1, '2026-07-24', 0, 1, 15.00, 1, 30.00, 0, 0.00, 'full_board', 0.00),
-- 王五 (STU003)
(3, 3, 1, '2026-07-15', 1, 1, 15.00, 1, 30.00, 1, 30.00, 'full_board', 200.00),
(3, 3, 1, '2026-07-16', 1, 1, 15.00, 1, 30.00, 1, 30.00, 'full_board', 200.00),
(3, 3, 1, '2026-07-17', 1, 1, 15.00, 1, 30.00, 1, 30.00, 'full_board', 200.00),
(3, 3, 1, '2026-07-18', 1, 1, 15.00, 1, 30.00, 1, 30.00, 'full_board', 200.00),
(3, 3, 1, '2026-07-19', 1, 1, 15.00, 1, 30.00, 1, 30.00, 'full_board', 200.00),
(3, 3, 1, '2026-07-20', 0, 1, 15.00, 1, 30.00, 1, 30.00, 'full_board', 200.00),
(3, 3, 1, '2026-07-21', 1, 1, 15.00, 1, 30.00, 1, 30.00, 'full_board', 200.00),
(3, 3, 1, '2026-07-22', 1, 1, 15.00, 1, 30.00, 1, 30.00, 'full_board', 200.00),
(3, 3, 1, '2026-07-23', 1, 1, 15.00, 1, 30.00, 1, 30.00, 'full_board', 200.00),
(3, 3, 1, '2026-07-24', 0, 1, 15.00, 1, 30.00, 0, 0.00, 'full_board', 0.00),
-- 赵六 (STU004)
(4, 4, 1, '2026-07-15', 1, 1, 15.00, 1, 30.00, 1, 30.00, 'full_board', 200.00),
(4, 4, 1, '2026-07-16', 1, 1, 15.00, 1, 30.00, 1, 30.00, 'full_board', 200.00),
(4, 4, 1, '2026-07-17', 1, 1, 15.00, 1, 30.00, 1, 30.00, 'full_board', 200.00),
(4, 4, 1, '2026-07-18', 1, 1, 15.00, 1, 30.00, 1, 30.00, 'full_board', 200.00),
(4, 4, 1, '2026-07-19', 1, 1, 15.00, 1, 30.00, 1, 30.00, 'full_board', 200.00),
(4, 4, 1, '2026-07-20', 0, 1, 15.00, 1, 30.00, 1, 30.00, 'full_board', 200.00),
(4, 4, 1, '2026-07-21', 1, 1, 15.00, 1, 30.00, 1, 30.00, 'full_board', 200.00),
(4, 4, 1, '2026-07-22', 1, 1, 15.00, 1, 30.00, 1, 30.00, 'full_board', 200.00),
(4, 4, 1, '2026-07-23', 1, 1, 15.00, 1, 30.00, 1, 30.00, 'full_board', 200.00),
(4, 4, 1, '2026-07-24', 0, 1, 15.00, 1, 30.00, 0, 0.00, 'full_board', 0.00),
-- 钱七 (STU005)
(5, 5, 1, '2026-07-15', 1, 1, 15.00, 1, 30.00, 1, 30.00, 'accompany_standard', 300.00),
(5, 5, 1, '2026-07-16', 1, 1, 15.00, 1, 30.00, 1, 30.00, 'accompany_standard', 300.00),
(5, 5, 1, '2026-07-17', 1, 1, 15.00, 1, 30.00, 1, 30.00, 'accompany_standard', 300.00),
(5, 5, 1, '2026-07-18', 1, 1, 15.00, 1, 30.00, 1, 30.00, 'accompany_standard', 300.00),
(5, 5, 1, '2026-07-19', 1, 1, 15.00, 1, 30.00, 1, 30.00, 'accompany_standard', 300.00),
(5, 5, 1, '2026-07-20', 0, 1, 15.00, 1, 30.00, 1, 30.00, 'accompany_standard', 300.00),
(5, 5, 1, '2026-07-21', 1, 1, 15.00, 1, 30.00, 1, 30.00, 'accompany_standard', 300.00),
(5, 5, 1, '2026-07-22', 1, 1, 15.00, 1, 30.00, 1, 30.00, 'accompany_standard', 300.00),
(5, 5, 1, '2026-07-23', 1, 1, 15.00, 1, 30.00, 1, 30.00, 'accompany_standard', 300.00),
(5, 5, 1, '2026-07-24', 0, 1, 15.00, 1, 30.00, 0, 0.00, 'accompany_standard', 0.00),
-- 孙八 (STU006) - 不住宿
(6, 6, 1, '2026-07-15', 1, 1, 15.00, 1, 30.00, 1, 30.00, 'no_stay', 0.00),
(6, 6, 1, '2026-07-16', 1, 1, 15.00, 1, 30.00, 1, 30.00, 'no_stay', 0.00),
(6, 6, 1, '2026-07-17', 1, 1, 15.00, 1, 30.00, 1, 30.00, 'no_stay', 0.00),
(6, 6, 1, '2026-07-18', 1, 1, 15.00, 1, 30.00, 1, 30.00, 'no_stay', 0.00),
(6, 6, 1, '2026-07-19', 1, 1, 15.00, 1, 30.00, 1, 30.00, 'no_stay', 0.00),
(6, 6, 1, '2026-07-20', 0, 1, 15.00, 1, 30.00, 1, 30.00, 'no_stay', 0.00),
(6, 6, 1, '2026-07-21', 1, 1, 15.00, 1, 30.00, 1, 30.00, 'no_stay', 0.00),
(6, 6, 1, '2026-07-22', 1, 1, 15.00, 1, 30.00, 1, 30.00, 'no_stay', 0.00),
(6, 6, 1, '2026-07-23', 1, 1, 15.00, 1, 30.00, 1, 30.00, 'no_stay', 0.00),
(6, 6, 1, '2026-07-24', 0, 1, 15.00, 1, 30.00, 0, 0.00, 'no_stay', 0.00);

-- ============================================
-- 11. 请假申请
-- ============================================
INSERT IGNORE INTO `leave_request` (`id`, `request_no`, `student_id`, `session_id`, `leave_date`, `leave_type`, `source`, `reason`, `status`, `refund_amount`, `reviewer_id`, `review_opinion`, `review_time`, `submit_time`) VALUES
(1, 'LV202607001', 1, 1, '2026-07-20', 'meal_refund_only', 'parent', '周日有事回家一天', 'approved', 60.00, 4, '同意请假', '2026-07-19 10:00:00', '2026-07-18 15:30:00'),
(2, 'LV202607002', 2, 1, '2026-07-21', 'meal_refund_only', 'parent', '身体不适，需休息一天', 'pending', 0.00, NULL, NULL, NULL, '2026-07-20 09:00:00');

-- ============================================
-- 12. 退款申请
-- ============================================
INSERT IGNORE INTO `refund_request` (`id`, `refund_no`, `order_id`, `student_id`, `leave_request_id`, `refund_type`, `refund_amount`, `actual_refund_amount`, `status`, `source`, `reason`, `reviewer_id`, `review_opinion`, `review_time`, `submit_time`) VALUES
(1, 'RF202607001', 1, 1, 1, 'lunch', 30.00, 30.00, 'refunded', 'parent', '请假退款', 4, '已审核退款', '2026-07-19 14:00:00', '2026-07-19 12:00:00'),
(2, 'RF202607002', 2, 2, NULL, 'meal_refund', 60.00, 0.00, 'pending', 'parent', '申请退餐费', NULL, NULL, NULL, '2026-07-20 11:00:00'),
(3, 'RF202607003', 3, 3, NULL, 'accommodation_refund', 400.00, 0.00, 'pending', 'admin', '申请退住宿费', NULL, NULL, NULL, '2026-07-20 14:00:00');

-- ============================================
-- 13. 教练排班
-- ============================================
INSERT IGNORE INTO `coach_schedule` (`id`, `coach_id`, `session_id`, `schedule_date`, `has_class`, `has_work_lunch`, `has_work_dinner`, `need_accommodation`, `lunch_cost`, `dinner_cost`, `total_cost`, `status`) VALUES
(1, 3, 1, '2026-07-15', 1, 1, 1, 1, 30.00, 30.00, 260.00, 'submitted'),
(2, 3, 1, '2026-07-16', 1, 1, 1, 1, 30.00, 30.00, 260.00, 'submitted'),
(3, 3, 1, '2026-07-17', 1, 1, 1, 1, 30.00, 30.00, 260.00, 'submitted'),
(4, 7, 1, '2026-07-15', 1, 1, 1, 1, 30.00, 30.00, 260.00, 'submitted'),
(5, 8, 1, '2026-07-15', 1, 1, 1, 1, 30.00, 30.00, 260.00, 'submitted');
